Workbook

Sheet 00_评审看板
A1: PRD 需求自查清单 V3.3｜质量门禁看板
A2: 根标准：读的人不需要再回来找 PM 确认。看板根据 01_需求自查清单 的适用性、填写情况、门禁状态自动汇总。
A4: 指标 | B4: 公式/结果 | C4: 说明 | D4: 门禁状态 | E4: 数量 | G4: 优先级 | H4: 适用项 | I4: 未通过/未处理
A5: 检查项总数 | B5: =COUNTA('01_需求自查清单'!$A$2:$A$200) -> 66 | C5: 清单内全部检查项数量 | D5: 通过 | E5: =COUNTIF('01_需求自查清单'!$R$2:$R$200,D5) -> 0 | G5: P0 | H5: =COUNTIFS('01_需求自查清单'!$L$2:$L$200,G5,'01_需求自查清单'!$N$2:$N$200,"是") -> 22 | I5: =COUNTIFS('01_需求自查清单'!$L$2:$L$200,G5,'01_需求自查清单'!$N$2:$N$200,"是",'01_需求自查清单'!$R$2:$R$200,"<>通过") -> 22
A6: 适用项数量 | B6: =COUNTIF('01_需求自查清单'!$N$2:$N$200,"是") -> 66 | C6: 当前需求需要检查的项目数 | D6: 待补充 | E6: =COUNTIF('01_需求自查清单'!$R$2:$R$200,D6) -> 0 | G6: P1 | H6: =COUNTIFS('01_需求自查清单'!$L$2:$L$200,G6,'01_需求自查清单'!$N$2:$N$200,"是") -> 31 | I6: =COUNTIFS('01_需求自查清单'!$L$2:$L$200,G6,'01_需求自查清单'!$N$2:$N$200,"是",'01_需求自查清单'!$R$2:$R$200,"<>通过") -> 31
A7: 通过项数量 | B7: =COUNTIF('01_需求自查清单'!$R$2:$R$200,"通过") -> 0 | C7: 已写且已检查的通过项 | D7: P0阻塞 | E7: =COUNTIF('01_需求自查清单'!$R$2:$R$200,D7) -> 0 | G7: P2 | H7: =COUNTIFS('01_需求自查清单'!$L$2:$L$200,G7,'01_需求自查清单'!$N$2:$N$200,"是") -> 10 | I7: =COUNTIFS('01_需求自查清单'!$L$2:$L$200,G7,'01_需求自查清单'!$N$2:$N$200,"是",'01_需求自查清单'!$R$2:$R$200,"<>通过") -> 10
A8: P0 阻塞项 | B8: =COUNTIF('01_需求自查清单'!$R$2:$R$200,"P0阻塞")+COUNTIF('01_需求自查清单'!$Q$2:$Q$200,"P0") -> 0 | C8: 存在任何 P0 均不可进入评审 | D8: P1风险 | E8: =COUNTIF('01_需求自查清单'!$R$2:$R$200,D8) -> 0 | G8: P3 | H8: =COUNTIFS('01_需求自查清单'!$L$2:$L$200,G8,'01_需求自查清单'!$N$2:$N$200,"是") -> 3 | I8: =COUNTIFS('01_需求自查清单'!$L$2:$L$200,G8,'01_需求自查清单'!$N$2:$N$200,"是",'01_需求自查清单'!$R$2:$R$200,"<>通过") -> 3
A9: P1 风险项 | B9: =COUNTIF('01_需求自查清单'!$R$2:$R$200,"P1风险")+COUNTIF('01_需求自查清单'!$Q$2:$Q$200,"P1") -> 0 | C9: P1 默认阻塞，除非记录风险接受 | D9: 建议优化 | E9: =COUNTIF('01_需求自查清单'!$R$2:$R$200,D9) -> 0
A10: 待检查项 | B10: =COUNTIF('01_需求自查清单'!$R$2:$R$200,"待检查") -> 66 | C10: 适用但尚未填写检查结果 | D10: 待检查 | E10: =COUNTIF('01_需求自查清单'!$R$2:$R$200,D10) -> 66
A11: 待补充项 | B11: =COUNTIF('01_需求自查清单'!$R$2:$R$200,"待补充") -> 0 | C11: PRD 已部分覆盖但仍需补充 | D11: 不适用 | E11: =COUNTIF('01_需求自查清单'!$R$2:$R$200,D11) -> 0
A12: 适用项通过率 | B12: =IF(B6=0,0,B7/B6) -> 0 | C12: 通过项 / 适用项
A13: 必查门禁通过率 | B13: =IF(COUNTIFS('01_需求自查清单'!$B$2:$B$200,"必查门禁",'01_需求自查清单'!$N$2:$N$200,"是")=0,0,COUNTIFS('01_需求自查清单'!$B$2:$B$200,"必查门禁",'01_需求自查清单'!$N$2:$N$200,"是",'01_需求自查清单'!$R$2:$R$200,"通过")/COUNTIFS('01_需求自查清单'!$B$2:$B$200,"必查门禁",'01_需求自查清单'!$N$2:$N$200,"是")) -> 0 | C13: 必查门禁内通过比例 | F13: 四大质量指标 | G13: 核心自查问题 | H13: 优先关注
A14: 评审结论 | B14: =IF(B8>0,"不可进入评审：存在 P0 阻塞",IF(B9>0,"默认不建议进入评审：存在 P1 风险，需修正或记录风险接受",IF(B10>0,"待检查：尚有 "&B10&" 项未完成检查",IF(B11>0,"待补充：尚有 "&B11&" 项需要补充","可进入评审")))) -> 待检查：尚有 66 项未完成检查 | C14: 自动结论 | F14: 边界清晰 | G14: 本期做什么、不做什么、适用于谁、不适用于谁是否明确？ | H14: 范围、非目标、角色、权限、数据边界
F15: 判断显性 | G15: 规则、默认值、异常、依赖、责任方是否写出结论？ | H15: 核心规则、默认规则、操作控制、异常兜底
F16: 不留猜疑 | G16: 入口、触发、输入输出、状态变化、反馈、验收是否可执行？ | H16: 流程、状态机、反馈、验收、自测
A17: 检查层级 | B17: 适用项 | C17: 通过项 | D17: 通过率 | F17: 信息准确 | G17: 事实、假设、待确认项、数据口径、系统能力是否区分？ | H17: 数据来源、统计口径、待确认、能力边界
A18: 必查门禁 | B18: =COUNTIFS('01_需求自查清单'!$B$2:$B$200,A18,'01_需求自查清单'!$N$2:$N$200,"是") -> 21 | C18: =COUNTIFS('01_需求自查清单'!$B$2:$B$200,A18,'01_需求自查清单'!$N$2:$N$200,"是",'01_需求自查清单'!$R$2:$R$200,"通过") -> 0 | D18: =IF(B18=0,0,C18/B18) -> 0
A19: 扩展检查 | B19: =COUNTIFS('01_需求自查清单'!$B$2:$B$200,A19,'01_需求自查清单'!$N$2:$N$200,"是") -> 39 | C19: =COUNTIFS('01_需求自查清单'!$B$2:$B$200,A19,'01_需求自查清单'!$N$2:$N$200,"是",'01_需求自查清单'!$R$2:$R$200,"通过") -> 0 | D19: =IF(B19=0,0,C19/B19) -> 0
A20: 优化建议 | B20: =COUNTIFS('01_需求自查清单'!$B$2:$B$200,A20,'01_需求自查清单'!$N$2:$N$200,"是") -> 6 | C20: =COUNTIFS('01_需求自查清单'!$B$2:$B$200,A20,'01_需求自查清单'!$N$2:$N$200,"是",'01_需求自查清单'!$R$2:$R$200,"通过") -> 0 | D20: =IF(B20=0,0,C20/B20) -> 0 | F20: 使用顺序
F21: 1. 先在 01_需求自查清单 中按需求复杂度调整“是否适用”
F22: 2. 对适用项填写“是否已写”“是否已检查”“PRD证据位置”
F23: 3. 若部分覆盖，填写“部分”，门禁状态会进入“待补充”
F24: 4. 若未覆盖，按默认优先级自动生成 P0阻塞 / P1风险 / 建议优化
F25: 5. 回到本看板查看 P0/P1 是否清零，再决定能否进入评审
A27: 模板补充提醒｜根据“建议呈现方式”和门禁状态，提示应优先补哪类表
A28: 模板类型 | B28: 需补项数 | C28: 统计逻辑 | D28: 模板位置
A29: 规则表 | B29: =COUNTIFS('01_需求自查清单'!$K:$K,"*规则表*",'01_需求自查清单'!$N:$N,"是",'01_需求自查清单'!$R:$R,"<>通过",'01_需求自查清单'!$R:$R,"<>不适用") -> 22 | C29: 建议呈现方式包含“规则表”且未通过/待补充/P0/P1/建议优化 | D29: 07_表格模板示例!A14
A30: 字段规则表 | B30: =COUNTIFS('01_需求自查清单'!$K:$K,"*字段规则表*",'01_需求自查清单'!$N:$N,"是",'01_需求自查清单'!$R:$R,"<>通过",'01_需求自查清单'!$R:$R,"<>不适用") -> 2 | C30: 建议呈现方式包含“字段规则表”且未通过/待补充/P0/P1/建议优化 | D30: 07_表格模板示例!A34
A31: 校验规则表 | B31: =COUNTIFS('01_需求自查清单'!$K:$K,"*校验规则表*",'01_需求自查清单'!$N:$N,"是",'01_需求自查清单'!$R:$R,"<>通过",'01_需求自查清单'!$R:$R,"<>不适用") -> 2 | C31: 建议呈现方式包含“校验规则表”且未通过/待补充/P0/P1/建议优化 | D31: 07_表格模板示例!A54
A32: 数据口径表 | B32: =COUNTIFS('01_需求自查清单'!$K:$K,"*数据口径表*",'01_需求自查清单'!$N:$N,"是",'01_需求自查清单'!$R:$R,"<>通过",'01_需求自查清单'!$R:$R,"<>不适用") -> 0 | C32: 建议呈现方式包含“数据口径表”且未通过/待补充/P0/P1/建议优化 | D32: 07_表格模板示例!A74
A33: 异常规则表 | B33: =COUNTIFS('01_需求自查清单'!$K:$K,"*异常规则表*",'01_需求自查清单'!$N:$N,"是",'01_需求自查清单'!$R:$R,"<>通过",'01_需求自查清单'!$R:$R,"<>不适用") -> 1 | C33: 建议呈现方式包含“异常规则表”且未通过/待补充/P0/P1/建议优化 | D33: 07_表格模板示例!A94
A34: 验收标准表 | B34: =COUNTIFS('01_需求自查清单'!$K:$K,"*验收标准表*",'01_需求自查清单'!$N:$N,"是",'01_需求自查清单'!$R:$R,"<>通过",'01_需求自查清单'!$R:$R,"<>不适用") -> 1 | C34: 建议呈现方式包含“验收标准表”且未通过/待补充/P0/P1/建议优化 | D34: 07_表格模板示例!A116
A35: 自测用例表 | B35: =COUNTIFS('01_需求自查清单'!$K:$K,"*自测用例表*",'01_需求自查清单'!$N:$N,"是",'01_需求自查清单'!$R:$R,"<>通过",'01_需求自查清单'!$R:$R,"<>不适用") -> 1 | C35: 建议呈现方式包含“自测用例表”且未通过/待补充/P0/P1/建议优化 | D35: 07_表格模板示例!A135
A36: 风险接受表 | B36: =COUNTIFS('01_需求自查清单'!$K:$K,"*风险接受表*",'01_需求自查清单'!$N:$N,"是",'01_需求自查清单'!$R:$R,"<>通过",'01_需求自查清单'!$R:$R,"<>不适用") -> 1 | C36: 建议呈现方式包含“风险接受表”且未通过/待补充/P0/P1/建议优化 | D36: 07_表格模板示例!A154

Sheet 01_需求自查清单
A1: 序号 | B1: 检查层级 | C1: 一级检查域 | D1: 二级模块 | E1: 检查项 | F1: 适用条件 | G1: 自查问题 | H1: 合格标准 | I1: 不通过信号 | J1: 建议补充位置 | K1: 建议呈现方式 | L1: 默认优先级 | M1: 复杂度适配 | N1: 是否适用 | O1: 是否已写 | P1: 是否已检查 | Q1: 实际问题等级 | R1: 门禁状态 | S1: 修正动作 | T1: PRD证据位置 | U1: 备注 | V1: 模板位置
A2: 1 | B2: 必查门禁 | C2: 需求定义与复杂度判断 | D2: 真实问题 | E2: 真实问题是否明确 | F2: 所有需求 | G2: 是否写清楚解决谁的什么问题，而不是只复述一个功能方案？ | H2: 能明确用户/角色、现状问题、痛点后果、为什么现在要做；读者能复述需求的业务价值。 | I2: 只写“新增某功能”“优化某页面”“支持某配置”，没有说明真实问题。 | J2: 为什么做 / 背景与真实问题 | K2: SCQA说明 / 问题定义表 | L2: P0 | M2: L1-L4 | N2: 是 | R2: =IF(N2="否","不适用",IF(N2<>"是","待判断",IF(AND(O2="是",P2="是"),"通过",IF(O2="部分","待补充",IF(AND(O2="否",L2="P0"),"P0阻塞",IF(AND(O2="否",L2="P1"),"P1风险",IF(O2="否","建议优化","待检查"))))))) -> 待检查 | S2: 补充问题定义：用户、场景、痛点、现状、为什么现在做。
A3: 2 | B3: 必查门禁 | C3: 需求定义与复杂度判断 | D3: 本期目标 | E3: 本期目标与成功标准 | F3: 所有需求 | G3: 是否写清本期做到什么程度算有效？ | H3: 有可判断的目标或成功标准，能说明做完后业务或流程会发生什么变化。 | I3: 只写“提升效率”“优化体验”“完善管理”，没有可验证结果。 | J3: 为什么做 / 产品目标与成功标准 | K3: 目标表 / 成功标准表 | L3: P0 | M3: L1-L4 | N3: 是 | R3: =IF(N3="否","不适用",IF(N3<>"是","待判断",IF(AND(O3="是",P3="是"),"通过",IF(O3="部分","待补充",IF(AND(O3="否",L3="P0"),"P0阻塞",IF(AND(O3="否",L3="P2"),"P2风险",IF(O3="否","建议优化","待检查"))))))) -> 待检查 | S3: 补充本期目标和可验证成功标准。
A4: 3 | B4: 必查门禁 | C4: 需求定义与复杂度判断 | D4: 适用端范围 | E4: 需求涉及端范围 | F4: 涉及多个端或入口时必查 | G4: 是否写清需求适用哪些端，哪些端不适用？ | H4: 平台、PC、APP、小程序、公众号、管理后台等范围明确，端之间差异明确。 | I4: 只写“系统支持”，但不知道在哪些端支持。 | J4: 是什么 / 需求范围 | K4: 范围表 | L4: P0 | M4: L1-L4 | N4: 是 | R4: =IF(N4="否","不适用",IF(N4<>"是","待判断",IF(AND(O4="是",P4="是"),"通过",IF(O4="部分","待补充",IF(AND(O4="否",L4="P0"),"P0阻塞",IF(AND(O4="否",L4="P3"),"P3风险",IF(O4="否","建议优化","待检查"))))))) -> 待检查 | S4: 补充适用端、入口、端间差异和排除端。
A5: 4 | B5: 必查门禁 | C5: 边界清晰检查 | D5: 本期范围 | E5: 本期做什么 | F5: 所有需求 | G5: 本期具体包含哪些功能、场景、角色、数据？ | H5: 功能边界、角色边界、场景边界、数据边界可被研发和测试直接识别。 | I5: 只写功能点，不写边界；读者仍会问“这个本期做不做”。 | J5: 为什么做 / 范围与优先级 | K5: 范围表 | L5: P0 | M5: L1-L4 | N5: 是 | R5: =IF(N5="否","不适用",IF(N5<>"是","待判断",IF(AND(O5="是",P5="是"),"通过",IF(O5="部分","待补充",IF(AND(O5="否",L5="P0"),"P0阻塞",IF(AND(O5="否",L5="P4"),"P4风险",IF(O5="否","建议优化","待检查"))))))) -> 待检查 | S5: 补充本期范围表：功能、角色、场景、数据、优先级。
A6: 5 | B6: 必查门禁 | C6: 边界清晰检查 | D6: 非目标 | E6: 本期不做什么 | F6: L2及以上需求；存在范围误解风险时必查 | G6: 哪些容易被误认为本期要做的内容已被明确排除？ | H6: 有非目标表，且排除项明确；后续规划与本期范围分离。 | I6: 后续想法混入本期；没有说明暂不覆盖的角色、数据或场景。 | J6: 为什么做 / 本期不做 | K6: 非目标表 | L6: P0 | M6: L2-L4 | N6: 是 | R6: =IF(N6="否","不适用",IF(N6<>"是","待判断",IF(AND(O6="是",P6="是"),"通过",IF(O6="部分","待补充",IF(AND(O6="否",L6="P0"),"P0阻塞",IF(AND(O6="否",L6="P5"),"P5风险",IF(O6="否","建议优化","待检查"))))))) -> 待检查 | S6: 补充非目标表，写明排除原因和是否进入后续规划。
A7: 6 | B7: 必查门禁 | C7: 边界清晰检查 | D7: 角色边界 | E7: 角色与职责边界 | F7: 多角色、B端、审批、配置、维护类需求 | G7: 谁使用、谁配置、谁审批、谁维护、谁处理异常？ | H7: 角色名称、职责、参与环节清楚；角色之间不重叠、不混用。 | I7: 使用“相关人员”“管理员”等泛称，未定义具体角色。 | J7: 是什么 / 角色与权限 | K7: 角色职责表 | L7: P0 | M7: L2-L4 | N7: 是 | R7: =IF(N7="否","不适用",IF(N7<>"是","待判断",IF(AND(O7="是",P7="是"),"通过",IF(O7="部分","待补充",IF(AND(O7="否",L7="P0"),"P0阻塞",IF(AND(O7="否",L7="P6"),"P6风险",IF(O7="否","建议优化","待检查"))))))) -> 待检查 | S7: 补充角色职责表，统一角色命名。
A8: 7 | B8: 必查门禁 | C8: 边界清晰检查 | D8: 权限边界 | E8: 角色权限矩阵 | F8: 存在查看、新增、编辑、删除、审批、配置等权限差异时必查 | G8: 不同角色能看什么、做什么、不能做什么？ | H8: 有角色权限矩阵，覆盖页面入口、数据范围、操作按钮和异常无权限反馈。 | I8: 只写“有权限的人可操作”，没有权限来源和限制。 | J8: 是什么 / 角色权限矩阵 | K8: 权限矩阵 | L8: P0 | M8: L2-L4 | N8: 是 | R8: =IF(N8="否","不适用",IF(N8<>"是","待判断",IF(AND(O8="是",P8="是"),"通过",IF(O8="部分","待补充",IF(AND(O8="否",L8="P0"),"P0阻塞",IF(AND(O8="否",L8="P7"),"P7风险",IF(O8="否","建议优化","待检查"))))))) -> 待检查 | S8: 补充角色×操作×数据范围×状态的权限矩阵。
A9: 8 | B9: 必查门禁 | C9: 不留猜疑检查 | D9: 主流程 | E9: 主流程闭环 | F9: L2及以上需求 | G9: 主流程能否从入口、操作、系统处理、结果反馈一直走到结束？ | H9: 有入口、触发条件、操作步骤、系统处理、结果反馈、结束状态；流程可执行。 | I9: 流程只写到“提交/保存”，未写提交后发生什么。 | J9: 是什么 / 主流程 | K9: 流程图 + 步骤表 | L9: P0 | M9: L2-L4 | N9: 是 | R9: =IF(N9="否","不适用",IF(N9<>"是","待判断",IF(AND(O9="是",P9="是"),"通过",IF(O9="部分","待补充",IF(AND(O9="否",L9="P0"),"P0阻塞",IF(AND(O9="否",L9="P8"),"P8风险",IF(O9="否","建议优化","待检查"))))))) -> 待检查 | S9: 补充主流程图，并在步骤表中写清用户动作和系统响应。
A10: 9 | B10: 必查门禁 | C10: 不留猜疑检查 | D10: 分支流程 | E10: 分支、逆向与退出路径 | F10: 存在审批、撤回、驳回、取消、删除、关闭、终止等动作时必查 | G10: 逆向流程、退出流程、失败流程是否写清？ | H10: 撤回、驳回、取消、失败、关闭、超时等路径有触发条件、结果和状态变化。 | I10: 只有正向流程；用户取消、失败、撤回后结果不明。 | J10: 是什么 / 流程与状态变化 | K10: 流程图 + 规则表 | L10: P0 | M10: L2-L4 | N10: 是 | R10: =IF(N10="否","不适用",IF(N10<>"是","待判断",IF(AND(O10="是",P10="是"),"通过",IF(O10="部分","待补充",IF(AND(O10="否",L10="P0"),"P0阻塞",IF(AND(O10="否",L10="P9"),"P9风险",IF(O10="否","建议优化","待检查"))))))) -> 待检查 | S10: 补充分支/逆向流程，明确每条路径的结束状态。 | V10: 07_表格模板示例!A14｜规则表模板
A11: 10 | B11: 必查门禁 | C11: 不留猜疑检查 | D11: 状态机 | E11: 状态及状态变更 | F11: 存在启停、审批、发布、关闭、驳回、作废、流转等状态变化时必查 | G11: 所有状态、触发动作、操作角色、前置状态、目标状态是否完整？ | H11: 状态机图或状态流转表覆盖主流程、逆向流程、异常流程；每个状态均有可执行动作和下一状态。 | I11: 只列“待审批、已审批、已驳回”等状态名称，没写触发条件和可操作动作。 | J11: 是什么 / 状态机模型 | K11: 状态机图 + 状态流转表 | L11: P0 | M11: L2-L4 | N11: 是 | R11: =IF(N11="否","不适用",IF(N11<>"是","待判断",IF(AND(O11="是",P11="是"),"通过",IF(O11="部分","待补充",IF(AND(O11="否",L11="P0"),"P0阻塞",IF(AND(O11="否",L11="P10"),"P10风险",IF(O11="否","建议优化","待检查"))))))) -> 待检查 | S11: 补状态机图；无法确认的状态进入待确认事项。
A12: 11 | B12: 必查门禁 | C12: 判断显性检查 | D12: 核心规则 | E12: 核心业务规则 | F12: L2及以上需求 | G12: 什么条件下允许、禁止、触发、关闭、变更？ | H12: 每个核心功能都有规则、触发条件、限制条件、默认处理和责任方。 | I12: 只写“支持配置”“支持审批”“支持查询”，无条件、规则和结果。 | J12: 是什么 / 功能规则 | K12: 业务规则表 | L12: P0 | M12: L2-L4 | N12: 是 | R12: =IF(N12="否","不适用",IF(N12<>"是","待判断",IF(AND(O12="是",P12="是"),"通过",IF(O12="部分","待补充",IF(AND(O12="否",L12="P0"),"P0阻塞",IF(AND(O12="否",L12="P11"),"P11风险",IF(O12="否","建议优化","待检查"))))))) -> 待检查 | S12: 补核心规则表，按功能域写清条件、动作、结果。 | V12: 07_表格模板示例!A14｜规则表模板
A13: 12 | B13: 必查门禁 | C13: 判断显性检查 | D13: 默认规则 | E13: 关键默认值 | F13: 存在默认筛选、默认排序、默认状态、默认开关、默认人员时必查 | G13: 用户不操作时，系统默认怎么处理？ | H13: 默认值、默认状态、默认排序、默认筛选、默认开关均明确；默认来源清楚。 | I13: 默认值交给研发猜；只在原型里出现但PRD不写。 | J13: 是什么 / 默认规则 | K13: 默认值表 | L13: P0 | M13: L1-L4 | N13: 是 | R13: =IF(N13="否","不适用",IF(N13<>"是","待判断",IF(AND(O13="是",P13="是"),"通过",IF(O13="部分","待补充",IF(AND(O13="否",L13="P0"),"P0阻塞",IF(AND(O13="否",L13="P12"),"P12风险",IF(O13="否","建议优化","待检查"))))))) -> 待检查 | S13: 补默认值表，区分系统默认、角色默认、历史记忆和配置默认。
A14: 13 | B14: 必查门禁 | C14: 判断显性检查 | D14: 操作控制 | E14: 按钮与操作控制 | F14: 有按钮、菜单、批量操作、行内操作时必查 | G14: 不同角色、不同状态下按钮是否可见、可点、禁用？ | H14: 有操作控制表，覆盖显示条件、可点条件、禁用原因、点击结果。 | I14: 只画按钮，不写状态限制；测试不知道哪些情况下按钮应禁用。 | J14: 是什么 / 操作规则 | K14: 操作控制表 | L14: P0 | M14: L2-L4 | N14: 是 | R14: =IF(N14="否","不适用",IF(N14<>"是","待判断",IF(AND(O14="是",P14="是"),"通过",IF(O14="部分","待补充",IF(AND(O14="否",L14="P0"),"P0阻塞",IF(AND(O14="否",L14="P13"),"P13风险",IF(O14="否","建议优化","待检查"))))))) -> 待检查 | S14: 补角色×状态×按钮的操作控制表。
A15: 14 | B15: 必查门禁 | C15: 信息准确检查 | D15: 数据来源 | E15: 数据来源与更新时间 | F15: 涉及业务数据、列表、统计、报表、外部系统时必查 | G15: 数据从哪里来？什么时候更新？是否同步或延迟？ | H15: 数据来源、更新时间、同步方式、数据延迟、异常兜底明确。 | I15: 写了“展示数据”，但没有说明来源、口径或更新时间。 | J15: 是什么 / 数据说明 | K15: 数据来源表 | L15: P1 | M15: L2-L4 | N15: 是 | R15: =IF(N15="否","不适用",IF(N15<>"是","待判断",IF(AND(O15="是",P15="是"),"通过",IF(O15="部分","待补充",IF(AND(O15="否",L15="P0"),"P0阻塞",IF(AND(O15="否",L15="P14"),"P14风险",IF(O15="否","建议优化","待检查"))))))) -> 待检查 | S15: 补数据来源、更新频率、同步失败兜底。
A16: 15 | B16: 必查门禁 | C16: 信息准确检查 | D16: 统计口径 | E16: 指标与统计口径 | F16: 涉及指标、报表、看板、排名、百分比时必查 | G16: 指标怎么算？统计范围、时间范围、筛选条件是什么？ | H16: 有指标定义、计算口径、单位、时间范围、过滤条件和边界说明。 | I16: 数字有了，算法没有；报表口径和列表口径可能不一致。 | J16: 是什么 / 数据口径 | K16: 统计口径表 | L16: P1 | M16: L3-L4 | N16: 是 | R16: =IF(N16="否","不适用",IF(N16<>"是","待判断",IF(AND(O16="是",P16="是"),"通过",IF(O16="部分","待补充",IF(AND(O16="否",L16="P0"),"P0阻塞",IF(AND(O16="否",L16="P15"),"P15风险",IF(O16="否","建议优化","待检查"))))))) -> 待检查 | S16: 补统计口径表：指标、公式、范围、单位、更新时间。
A17: 16 | B17: 必查门禁 | C17: 判断显性检查 | D17: 异常兜底 | E17: 空态、失败、重复、冲突、权限不足 | F17: L2及以上需求 | G17: 空态、失败、重复、冲突、权限不足等情况怎么处理？ | H17: 核心异常均有触发条件、系统处理、用户提示、是否可重试/恢复说明。 | I17: 只有正常流程；失败、无数据、无权限、重复提交均未定义。 | J17: 怎么玩 / 异常与兜底 | K17: 异常规则表 | L17: P0 | M17: L2-L4 | N17: 是 | R17: =IF(N17="否","不适用",IF(N17<>"是","待判断",IF(AND(O17="是",P17="是"),"通过",IF(O17="部分","待补充",IF(AND(O17="否",L17="P0"),"P0阻塞",IF(AND(O17="否",L17="P16"),"P16风险",IF(O17="否","建议优化","待检查"))))))) -> 待检查 | S17: 补异常规则表，至少覆盖空态、失败、重复、冲突、权限不足。 | V17: 07_表格模板示例!A94｜异常规则表模板；07_表格模板示例!A14｜规则表模板
A18: 17 | B18: 必查门禁 | C18: 不留猜疑检查 | D18: 结果反馈 | E18: 操作结果反馈 | F18: 有提交、保存、审批、删除、启停、批量处理等动作时必查 | G18: 成功、失败、处理中分别如何反馈？页面和数据如何变化？ | H18: 明确点击前、中、后的页面状态、提示、刷新、跳转、数据变化。 | I18: 点完以后发生什么没写；成功后是否关闭弹窗、是否刷新列表不明。 | J18: 怎么玩 / 交互反馈 | K18: 反馈规则表 | L18: P1 | M18: L2-L4 | N18: 是 | R18: =IF(N18="否","不适用",IF(N18<>"是","待判断",IF(AND(O18="是",P18="是"),"通过",IF(O18="部分","待补充",IF(AND(O18="否",L18="P0"),"P0阻塞",IF(AND(O18="否",L18="P17"),"P17风险",IF(O18="否","建议优化","待检查"))))))) -> 待检查 | S18: 补操作反馈规则表，写清成功、失败、处理中。 | V18: 07_表格模板示例!A14｜规则表模板
A19: 18 | B19: 必查门禁 | C19: 信息准确检查 | D19: 待确认事项 | E19: 假设与待确认项 | F19: 存在未确认规则、数据、依赖、范围、外部接口时必查 | G19: 未确认内容是否明确标记，而不是写成确定事实？ | H19: 有待确认事项表，说明影响范围、负责人、确认时点；不影响核心判断的才允许挂起。 | I19: 把假设写成事实；未确认内容直接进入开发依据。 | J19: 附录 / 待确认事项 | K19: 待确认事项表 | L19: P0 | M19: L1-L4 | N19: 是 | R19: =IF(N19="否","不适用",IF(N19<>"是","待判断",IF(AND(O19="是",P19="是"),"通过",IF(O19="部分","待补充",IF(AND(O19="否",L19="P0"),"P0阻塞",IF(AND(O19="否",L19="P18"),"P18风险",IF(O19="否","建议优化","待检查"))))))) -> 待检查 | S19: 补待确认事项表；影响P0/P1判断的事项必须先确认。
A20: 19 | B20: 必查门禁 | C20: 不留猜疑检查 | D20: 验收标准 | E20: 可验证验收 | F20: 所有需求 | G20: 怎么判断做完且做对？ | H20: 验收项可测试、可观察、可判断；覆盖主流程、核心规则、异常、权限和数据。 | I20: 只写“功能正常即可”“符合需求即可”。 | J20: 怎么玩 / 验收标准 | K20: 验收标准表 | L20: P0 | M20: L1-L4 | N20: 是 | R20: =IF(N20="否","不适用",IF(N20<>"是","待判断",IF(AND(O20="是",P20="是"),"通过",IF(O20="部分","待补充",IF(AND(O20="否",L20="P0"),"P0阻塞",IF(AND(O20="否",L20="P19"),"P19风险",IF(O20="否","建议优化","待检查"))))))) -> 待检查 | S20: 补验收标准，使用可观察、可测试的判定句。 | V20: 07_表格模板示例!A116｜验收标准表模板
A21: 20 | B21: 必查门禁 | C21: 不留猜疑检查 | D21: 研发自测 | E21: 最小自测用例 | F21: L2及以上需求 | G21: 研发交付前至少跑哪些自测用例？ | H21: 主流程、异常、权限、数据边界有最小用例；可用于交付前冒烟检查。 | I21: 只有测试阶段才发现主流程不通。 | J21: 怎么玩 / 研发自测用例 | K21: 自测用例表 | L21: P1 | M21: L2-L4 | N21: 是 | R21: =IF(N21="否","不适用",IF(N21<>"是","待判断",IF(AND(O21="是",P21="是"),"通过",IF(O21="部分","待补充",IF(AND(O21="否",L21="P0"),"P0阻塞",IF(AND(O21="否",L21="P20"),"P20风险",IF(O21="否","建议优化","待检查"))))))) -> 待检查 | S21: 补最小自测用例，覆盖主线、逆向、异常、权限。 | V21: 07_表格模板示例!A135｜自测用例表模板
A22: 21 | B22: 必查门禁 | C22: 阻塞问题与评审结论 | D22: 评审结论 | E22: P0/P1阻塞判断 | F22: 所有需求 | G22: 是否存在未处理的P0/P1问题？是否可进入评审？ | H22: P0清零；P1已修正或记录风险接受；评审结论明确。 | I22: 带着P0进入评审；P1未说明是否接受风险。 | J22: 评审结论 / 阻塞项清单 | K22: 评审结论卡 | L22: P0 | M22: L1-L4 | N22: 是 | R22: =IF(N22="否","不适用",IF(N22<>"是","待判断",IF(AND(O22="是",P22="是"),"通过",IF(O22="部分","待补充",IF(AND(O22="否",L22="P0"),"P0阻塞",IF(AND(O22="否",L22="P21"),"P21风险",IF(O22="否","建议优化","待检查"))))))) -> 待检查 | S22: 输出阻塞项清单和评审结论。
A23: 22 | B23: 扩展检查 | C23: 页面、表单与数据展示检查 | D23: 文本输入 | E23: 文本输入规则 | F23: 有文本框、名称、标题、备注、说明等字段 | G23: 是否写清长度、格式、特殊字符、空格、重复规则？ | H23: 字段长度、格式、字符限制、空格处理、重复处理和提示文案明确。 | I23: 只写“输入名称/备注”，没有长度和格式限制。 | J23: 是什么 / 表单字段规则 | K23: 字段规则表 | L23: P1 | M23: L1-L4 | N23: 是 | R23: =IF(N23="否","不适用",IF(N23<>"是","待判断",IF(AND(O23="是",P23="是"),"通过",IF(O23="部分","待补充",IF(AND(O23="否",L23="P0"),"P0阻塞",IF(AND(O23="否",L23="P22"),"P22风险",IF(O23="否","建议优化","待检查"))))))) -> 待检查 | S23: 补字段规则表。 | V23: 07_表格模板示例!A34｜字段规则表模板；07_表格模板示例!A14｜规则表模板
A24: 23 | B24: 扩展检查 | C24: 页面、表单与数据展示检查 | D24: 必填校验 | E24: 必填项与校验时机 | F24: 有新增、编辑、提交、审批表单 | G24: 哪些字段必填？何时校验？失败提示什么？ | H24: 必填字段、校验时机、失败提示、是否支持暂存明确。 | I24: 表单字段很多，但哪些必填不清；保存和提交校验不区分。 | J24: 是什么 / 表单校验 | K24: 校验规则表 | L24: P0 | M24: L1-L4 | N24: 是 | R24: =IF(N24="否","不适用",IF(N24<>"是","待判断",IF(AND(O24="是",P24="是"),"通过",IF(O24="部分","待补充",IF(AND(O24="否",L24="P0"),"P0阻塞",IF(AND(O24="否",L24="P23"),"P23风险",IF(O24="否","建议优化","待检查"))))))) -> 待检查 | S24: 补必填校验表，区分保存、提交、审批等时机。 | V24: 07_表格模板示例!A54｜校验规则表模板；07_表格模板示例!A14｜规则表模板
A25: 24 | B25: 扩展检查 | C25: 页面、表单与数据展示检查 | D25: 重复校验 | E25: 重复数据校验 | F25: 名称、编码、模板、配置、规则等可能重复 | G25: 按哪个字段查重？查重范围是什么？重复后怎么处理？ | H25: 查重字段、查重范围、大小写/空格处理、重复提示、是否允许覆盖明确。 | I25: 只写“名称不可重复”，没有说明按组织、模块还是全局查重。 | J25: 是什么 / 表单校验 | K25: 校验规则表 | L25: P1 | M25: L1-L4 | N25: 是 | R25: =IF(N25="否","不适用",IF(N25<>"是","待判断",IF(AND(O25="是",P25="是"),"通过",IF(O25="部分","待补充",IF(AND(O25="否",L25="P0"),"P0阻塞",IF(AND(O25="否",L25="P24"),"P24风险",IF(O25="否","建议优化","待检查"))))))) -> 待检查 | S25: 补重复校验规则。 | V25: 07_表格模板示例!A54｜校验规则表模板；07_表格模板示例!A14｜规则表模板
A26: 25 | B26: 扩展检查 | C26: 页面、表单与数据展示检查 | D26: 文件上传 | E26: 文件/图片上传规则 | F26: 有文件、图片、附件、导入模板上传 | G26: 支持什么格式、大小、数量？失败后如何处理？ | H26: 格式、大小、数量、失败处理、删除重传、预览/下载规则明确。 | I26: 只写“支持上传附件”。 | J26: 是什么 / 上传规则 | K26: 上传规则表 | L26: P1 | M26: L2-L4 | N26: 是 | R26: =IF(N26="否","不适用",IF(N26<>"是","待判断",IF(AND(O26="是",P26="是"),"通过",IF(O26="部分","待补充",IF(AND(O26="否",L26="P0"),"P0阻塞",IF(AND(O26="否",L26="P25"),"P25风险",IF(O26="否","建议优化","待检查"))))))) -> 待检查 | S26: 补上传规则表。 | V26: 07_表格模板示例!A14｜规则表模板
A27: 26 | B27: 扩展检查 | C27: 页面、表单与数据展示检查 | D27: 时间控件 | E27: 时间精度与范围 | F27: 有日期、时间、周期、有效期、截止时间 | G27: 时间精确到年/月/日/时/分/秒？默认值和可选范围是什么？ | H27: 时间精度、默认值、可选范围、跨天/跨月/跨年、开始结束校验明确。 | I27: 时间精度不明；开始时间可晚于结束时间。 | J27: 是什么 / 字段规则 | K27: 字段规则表 | L27: P1 | M27: L1-L4 | N27: 是 | R27: =IF(N27="否","不适用",IF(N27<>"是","待判断",IF(AND(O27="是",P27="是"),"通过",IF(O27="部分","待补充",IF(AND(O27="否",L27="P0"),"P0阻塞",IF(AND(O27="否",L27="P26"),"P26风险",IF(O27="否","建议优化","待检查"))))))) -> 待检查 | S27: 补时间控件规则。 | V27: 07_表格模板示例!A34｜字段规则表模板；07_表格模板示例!A14｜规则表模板
A28: 27 | B28: 扩展检查 | C28: 页面、表单与数据展示检查 | D28: 选择控件 | E28: 单选/复选/下拉规则 | F28: 有单选、复选、下拉、标签选择、弹窗选择 | G28: 默认值、是否可清空、选项来源、禁用项、排序规则是什么？ | H28: 默认值、选项来源、是否支持搜索/多选/清空、禁用项和回显规则明确。 | I28: 只写“选择类型”，选项从哪来不明。 | J28: 是什么 / 控件规则 | K28: 控件规则表 | L28: P1 | M28: L1-L4 | N28: 是 | R28: =IF(N28="否","不适用",IF(N28<>"是","待判断",IF(AND(O28="是",P28="是"),"通过",IF(O28="部分","待补充",IF(AND(O28="否",L28="P0"),"P0阻塞",IF(AND(O28="否",L28="P27"),"P27风险",IF(O28="否","建议优化","待检查"))))))) -> 待检查 | S28: 补选择控件规则表。 | V28: 07_表格模板示例!A14｜规则表模板
A29: 28 | B29: 扩展检查 | C29: 页面、表单与数据展示检查 | D29: 多组数据 | E29: 多行/多组/多标签数量控制 | F29: 支持添加多行、多组、多标签、多附件 | G29: 最多能添加几组？能否删除、排序、重复？超出怎么提示？ | H29: 最大数量、最小数量、删除规则、排序规则、重复规则、超限提示明确。 | I29: 能无限添加但没说明上限；重复选择后结果不明。 | J29: 是什么 / 数量规则 | K29: 数量规则表 | L29: P2 | M29: L2-L4 | N29: 是 | R29: =IF(N29="否","不适用",IF(N29<>"是","待判断",IF(AND(O29="是",P29="是"),"通过",IF(O29="部分","待补充",IF(AND(O29="否",L29="P0"),"P0阻塞",IF(AND(O29="否",L29="P28"),"P28风险",IF(O29="否","建议优化","待检查"))))))) -> 待检查 | S29: 补多组数据规则。 | V29: 07_表格模板示例!A14｜规则表模板
A30: 29 | B30: 扩展检查 | C30: 页面、表单与数据展示检查 | D30: 字段状态 | E30: 字段可编辑/只读/禁用 | F30: 有自动带出、系统生成、只读、禁用、输出字段 | G30: 哪些字段可编辑、只读、禁用、自动生成、仅展示？ | H30: 每个字段的输入/输出/禁用/只读状态明确，并说明状态变化条件。 | I30: 字段展示了，但不知道能不能改。 | J30: 是什么 / 表单字段总览 | K30: 字段总表 | L30: P1 | M30: L1-L4 | N30: 是 | R30: =IF(N30="否","不适用",IF(N30<>"是","待判断",IF(AND(O30="是",P30="是"),"通过",IF(O30="部分","待补充",IF(AND(O30="否",L30="P0"),"P0阻塞",IF(AND(O30="否",L30="P29"),"P29风险",IF(O30="否","建议优化","待检查"))))))) -> 待检查 | S30: 补字段总表，加入字段状态列。
A31: 30 | B31: 扩展检查 | C31: 列表查询与数据展示检查 | D31: 列表字段 | E31: 列表字段总览 | F31: 有列表或表格 | G31: 字段名、含义、来源、展示规则、空值展示是否明确？ | H31: 一个表格说明字段名、字段含义、来源、展示规则、空值规则、是否排序/筛选。 | I31: 字段散写在段落里，研发和测试难以核对。 | J31: 是什么 / 列表字段总览 | K31: 表格字段总览 | L31: P1 | M31: L1-L4 | N31: 是 | R31: =IF(N31="否","不适用",IF(N31<>"是","待判断",IF(AND(O31="是",P31="是"),"通过",IF(O31="部分","待补充",IF(AND(O31="否",L31="P0"),"P0阻塞",IF(AND(O31="否",L31="P30"),"P30风险",IF(O31="否","建议优化","待检查"))))))) -> 待检查 | S31: 补列表字段总览表。
A32: 31 | B32: 扩展检查 | C32: 列表查询与数据展示检查 | D32: 默认排序 | E32: 列表默认排序 | F32: 有列表、记录、日志、模板库 | G32: 默认按哪个字段排序？升序还是降序？空值如何处理？ | H32: 默认排序字段、排序方向、空值排序、同值次序明确。 | I32: 列表顺序不明；不同端排序不一致。 | J32: 是什么 / 列表规则 | K32: 排序规则表 | L32: P1 | M32: L1-L4 | N32: 是 | R32: =IF(N32="否","不适用",IF(N32<>"是","待判断",IF(AND(O32="是",P32="是"),"通过",IF(O32="部分","待补充",IF(AND(O32="否",L32="P0"),"P0阻塞",IF(AND(O32="否",L32="P31"),"P31风险",IF(O32="否","建议优化","待检查"))))))) -> 待检查 | S32: 补默认排序规则。 | V32: 07_表格模板示例!A14｜规则表模板
A33: 32 | B33: 扩展检查 | C33: 列表查询与数据展示检查 | D33: 超长展示 | E33: 长文本展示规则 | F33: 有名称、标题、备注、正文、地址等长文本 | G33: 超过多少字符省略？是否悬浮、展开或进入详情？ | H33: 截断长度、展示方式、悬浮/展开/详情入口、移动端适配明确。 | I33: 超长后页面怎么展示不明；重要信息被截断无法查看。 | J33: 是什么 / 展示规则 | K33: 展示规则表 | L33: P2 | M33: L1-L4 | N33: 是 | R33: =IF(N33="否","不适用",IF(N33<>"是","待判断",IF(AND(O33="是",P33="是"),"通过",IF(O33="部分","待补充",IF(AND(O33="否",L33="P0"),"P0阻塞",IF(AND(O33="否",L33="P32"),"P32风险",IF(O33="否","建议优化","待检查"))))))) -> 待检查 | S33: 补超长展示规则。 | V33: 07_表格模板示例!A14｜规则表模板
A34: 33 | B34: 扩展检查 | C34: 列表查询与数据展示检查 | D34: 查询条件 | E34: 查询默认值与重置 | F34: 有筛选区、搜索框、标签筛选 | G34: 默认查询什么？重置后回到什么状态？精准还是模糊？ | H34: 查询类型、默认值、重置规则、空查询、查询按钮触发方式明确。 | I34: 筛选项有了，但查询逻辑不清。 | J34: 是什么 / 查询规则 | K34: 查询规则表 | L34: P1 | M34: L1-L4 | N34: 是 | R34: =IF(N34="否","不适用",IF(N34<>"是","待判断",IF(AND(O34="是",P34="是"),"通过",IF(O34="部分","待补充",IF(AND(O34="否",L34="P0"),"P0阻塞",IF(AND(O34="否",L34="P33"),"P33风险",IF(O34="否","建议优化","待检查"))))))) -> 待检查 | S34: 补查询规则，区分精准筛选和模糊筛选。 | V34: 07_表格模板示例!A14｜规则表模板
A35: 34 | B35: 扩展检查 | C35: 列表查询与数据展示检查 | D35: 查询联动 | E35: 查询条件联动/互斥 | F35: 筛选条件之间有关联、层级、互斥或冲突 | G35: 条件之间如何联动？冲突时哪个条件优先？ | H35: 父子联动、互斥关系、冲突优先级、清空规则明确。 | I35: 公共时间范围和报表自身时间范围互相打架。 | J35: 是什么 / 查询规则 | K35: 查询条件联动表 | L35: P1 | M35: L2-L4 | N35: 是 | R35: =IF(N35="否","不适用",IF(N35<>"是","待判断",IF(AND(O35="是",P35="是"),"通过",IF(O35="部分","待补充",IF(AND(O35="否",L35="P0"),"P0阻塞",IF(AND(O35="否",L35="P34"),"P34风险",IF(O35="否","建议优化","待检查"))))))) -> 待检查 | S35: 补查询联动和冲突处理规则。
A36: 35 | B36: 扩展检查 | C36: 列表查询与数据展示检查 | D36: 分页加载 | E36: 分页/加载更多/滚动加载 | F36: 列表数据可能较多 | G36: 是否分页？每页多少条？空态和加载失败怎么处理？ | H36: 分页方式、每页数量、总数展示、加载更多、空态、失败重试明确。 | I36: 数据量大但没有分页说明。 | J36: 是什么 / 展示规则 | K36: 分页规则表 | L36: P2 | M36: L1-L4 | N36: 是 | R36: =IF(N36="否","不适用",IF(N36<>"是","待判断",IF(AND(O36="是",P36="是"),"通过",IF(O36="部分","待补充",IF(AND(O36="否",L36="P0"),"P0阻塞",IF(AND(O36="否",L36="P35"),"P35风险",IF(O36="否","建议优化","待检查"))))))) -> 待检查 | S36: 补分页/加载规则。 | V36: 07_表格模板示例!A14｜规则表模板
A37: 36 | B37: 扩展检查 | C37: 列表查询与数据展示检查 | D37: 数据权限 | E37: 列表数据权限 | F37: 多组织、多部门、多角色、多租户或数据隔离场景 | G37: 不同角色能看到哪些数据？数据权限是否与按钮权限分离？ | H37: 数据范围、组织范围、部门范围、本人/本部门/全部规则明确。 | I37: 只控制按钮，不控制数据；低权限用户看到不该看的数据。 | J37: 是什么 / 数据权限 | K37: 数据权限矩阵 | L37: P0 | M37: L2-L4 | N37: 是 | R37: =IF(N37="否","不适用",IF(N37<>"是","待判断",IF(AND(O37="是",P37="是"),"通过",IF(O37="部分","待补充",IF(AND(O37="否",L37="P0"),"P0阻塞",IF(AND(O37="否",L37="P36"),"P36风险",IF(O37="否","建议优化","待检查"))))))) -> 待检查 | S37: 补数据权限矩阵。
A38: 37 | B38: 扩展检查 | C38: 操作交互与反馈检查 | D38: 点击状态 | E38: 点击前、中、后状态 | F38: 有保存、提交、审批、删除、批量处理等操作 | G38: 点击前、中、后页面状态分别是什么？是否防重复点击？ | H38: 点击前可用条件、点击中loading、防重复提交、点击后反馈与数据变化明确。 | I38: 只写“点击保存”，没写保存中和保存后。 | J38: 怎么玩 / 交互反馈 | K38: 交互状态表 | L38: P1 | M38: L1-L4 | N38: 是 | R38: =IF(N38="否","不适用",IF(N38<>"是","待判断",IF(AND(O38="是",P38="是"),"通过",IF(O38="部分","待补充",IF(AND(O38="否",L38="P0"),"P0阻塞",IF(AND(O38="否",L38="P37"),"P37风险",IF(O38="否","建议优化","待检查"))))))) -> 待检查 | S38: 补点击前中后状态。
A39: 38 | B39: 扩展检查 | C39: 操作交互与反馈检查 | D39: 二次确认 | E39: 高风险操作确认 | F39: 有删除、撤回、终止、启用、停用、覆盖、批量操作 | G39: 是否需要确认？确认文案、确认后结果、取消后结果是什么？ | H39: 触发动作、确认文案、主按钮/次按钮、确认结果、取消结果明确。 | I39: 只写“弹窗确认”，没有确认后状态和取消后结果。 | J39: 怎么玩 / 操作确认 | K39: 二次确认规则表 | L39: P1 | M39: L2-L4 | N39: 是 | R39: =IF(N39="否","不适用",IF(N39<>"是","待判断",IF(AND(O39="是",P39="是"),"通过",IF(O39="部分","待补充",IF(AND(O39="否",L39="P0"),"P0阻塞",IF(AND(O39="否",L39="P38"),"P38风险",IF(O39="否","建议优化","待检查"))))))) -> 待检查 | S39: 补二次确认规则。 | V39: 07_表格模板示例!A14｜规则表模板
A40: 39 | B40: 扩展检查 | C40: 操作交互与反馈检查 | D40: 弹窗规则 | E40: 弹窗行为与数据保留 | F40: 有新增、编辑、详情、选择、确认弹窗 | G40: 弹窗打开、关闭、取消、提交失败、数据保留规则是否明确？ | H40: 打开条件、关闭方式、取消行为、提交成功/失败、是否保留输入、是否刷新列表明确。 | I40: 只写“弹出编辑框”；关闭后数据是否保留不明。 | J40: 怎么玩 / 页面交互规则 | K40: 弹窗行为规则表 | L40: P1 | M40: L2-L4 | N40: 是 | R40: =IF(N40="否","不适用",IF(N40<>"是","待判断",IF(AND(O40="是",P40="是"),"通过",IF(O40="部分","待补充",IF(AND(O40="否",L40="P0"),"P0阻塞",IF(AND(O40="否",L40="P39"),"P39风险",IF(O40="否","建议优化","待检查"))))))) -> 待检查 | S40: 补弹窗行为规则；不写像素宽高，除非业务强依赖。 | V40: 07_表格模板示例!A14｜规则表模板
A41: 40 | B41: 扩展检查 | C41: 操作交互与反馈检查 | D41: 页面跳转 | E41: 页面流转与返回 | F41: 有跨页面跳转、详情页、编辑页、外链跳转 | G41: 从哪里跳到哪里？是否带参数？返回后是否刷新？ | H41: 来源页、目标页、携带参数、返回路径、刷新规则、权限拦截明确。 | I41: 跳过去了，但回来怎么办不明。 | J41: 怎么玩 / 页面流转 | K41: 页面流转图 | L41: P1 | M41: L2-L4 | N41: 是 | R41: =IF(N41="否","不适用",IF(N41<>"是","待判断",IF(AND(O41="是",P41="是"),"通过",IF(O41="部分","待补充",IF(AND(O41="否",L41="P0"),"P0阻塞",IF(AND(O41="否",L41="P40"),"P40风险",IF(O41="否","建议优化","待检查"))))))) -> 待检查 | S41: 补页面流转规则。
A42: 41 | B42: 扩展检查 | C42: 操作交互与反馈检查 | D42: 提示位置 | E42: 提示文案位置 | F42: 有校验、成功、失败、权限、空态提示 | G42: 提示展示在Toast、字段下方、弹窗内、页面顶部还是空态区域？ | H42: 提示类型、展示位置、展示时机、关闭方式、是否阻塞操作明确。 | I42: 文案有了，但展示位置不明。 | J42: 怎么玩 / 文案与反馈 | K42: 提示文案表 | L42: P2 | M42: L1-L4 | N42: 是 | R42: =IF(N42="否","不适用",IF(N42<>"是","待判断",IF(AND(O42="是",P42="是"),"通过",IF(O42="部分","待补充",IF(AND(O42="否",L42="P0"),"P0阻塞",IF(AND(O42="否",L42="P41"),"P41风险",IF(O42="否","建议优化","待检查"))))))) -> 待检查 | S42: 补提示位置规则。
A43: 42 | B43: 扩展检查 | C43: 操作交互与反馈检查 | D43: 加载等待 | E43: 加载中、请求中、等待响应 | F43: 有接口请求、保存、提交、批量处理、图表加载 | G43: 加载中、处理中、超时、失败重试分别如何提示？ | H43: 加载状态、超时时间、失败重试、取消操作、重复点击拦截明确。 | I43: 用户等待时页面无状态；批量操作期间可重复点击。 | J43: 怎么玩 / 交互反馈 | K43: 加载状态表 | L43: P2 | M43: L2-L4 | N43: 是 | R43: =IF(N43="否","不适用",IF(N43<>"是","待判断",IF(AND(O43="是",P43="是"),"通过",IF(O43="部分","待补充",IF(AND(O43="否",L43="P0"),"P0阻塞",IF(AND(O43="否",L43="P42"),"P42风险",IF(O43="否","建议优化","待检查"))))))) -> 待检查 | S43: 补加载与等待规则。
A44: 43 | B44: 扩展检查 | C44: 报表图表与统计检查 | D44: 公共筛选 | E44: 公共查询条件与图表关系 | F44: 有多个报表、图表、看板卡片 | G44: 公共筛选条件是否影响每个图表？图表自身筛选是否与公共条件冲突？ | H44: 公共筛选、单图筛选、优先级、冲突处理、重置规则明确。 | I44: 公共查询月份，报表自身查询年度，口径冲突。 | J44: 是什么 / 报表筛选规则 | K44: 筛选规则表 | L44: P1 | M44: L3-L4 | N44: 是 | R44: =IF(N44="否","不适用",IF(N44<>"是","待判断",IF(AND(O44="是",P44="是"),"通过",IF(O44="部分","待补充",IF(AND(O44="否",L44="P0"),"P0阻塞",IF(AND(O44="否",L44="P43"),"P43风险",IF(O44="否","建议优化","待检查"))))))) -> 待检查 | S44: 补公共筛选关系表。 | V44: 07_表格模板示例!A14｜规则表模板
A45: 44 | B45: 扩展检查 | C45: 报表图表与统计检查 | D45: 默认查询范围 | E45: 图表默认查询 | F45: 有图表、看板、统计卡片 | G45: 首次进入默认查本日、本月、近30天、年度还是全部？ | H45: 默认时间范围、默认维度、默认排序、空态明确。 | I45: 打开页面查什么不明；不同图表默认范围不一致。 | J45: 是什么 / 报表规则 | K45: 默认值说明 | L45: P1 | M45: L2-L4 | N45: 是 | R45: =IF(N45="否","不适用",IF(N45<>"是","待判断",IF(AND(O45="是",P45="是"),"通过",IF(O45="部分","待补充",IF(AND(O45="否",L45="P0"),"P0阻塞",IF(AND(O45="否",L45="P44"),"P44风险",IF(O45="否","建议优化","待检查"))))))) -> 待检查 | S45: 补图表默认查询规则。
A46: 45 | B46: 扩展检查 | C46: 报表图表与统计检查 | D46: 图表口径 | E46: 图表数据来源与计算口径 | F46: 有统计指标、趋势图、漏斗图、排名图 | G46: 明细来源、汇总来源、计算公式、更新时间是什么？ | H46: 指标定义、公式、数据源、统计粒度、更新频率、边界条件明确。 | I46: 指标名清楚，算法不清。 | J46: 是什么 / 统计口径 | K46: 统计口径表 | L46: P1 | M46: L3-L4 | N46: 是 | R46: =IF(N46="否","不适用",IF(N46<>"是","待判断",IF(AND(O46="是",P46="是"),"通过",IF(O46="部分","待补充",IF(AND(O46="否",L46="P0"),"P0阻塞",IF(AND(O46="否",L46="P45"),"P45风险",IF(O46="否","建议优化","待检查"))))))) -> 待检查 | S46: 补图表统计口径。
A47: 46 | B47: 扩展检查 | C47: 报表图表与统计检查 | D47: 单位精度 | E47: 单位、小数位和取整规则 | F47: 有金额、比例、次数、时长、面积、重量等数据 | G47: 单位是什么？保留几位小数？如何四舍五入？ | H47: 单位、精度、小数位、百分比、取整规则、空值规则明确。 | I47: 同一指标单位混用；保留位数不一致。 | J47: 是什么 / 数据口径 | K47: 单位精度表 | L47: P1 | M47: L2-L4 | N47: 是 | R47: =IF(N47="否","不适用",IF(N47<>"是","待判断",IF(AND(O47="是",P47="是"),"通过",IF(O47="部分","待补充",IF(AND(O47="否",L47="P0"),"P0阻塞",IF(AND(O47="否",L47="P46"),"P46风险",IF(O47="否","建议优化","待检查"))))))) -> 待检查 | S47: 补单位精度规则。
A48: 47 | B48: 扩展检查 | C48: 报表图表与统计检查 | D48: 极值空值 | E48: 图表极值与空值展示 | F48: 图表可能无数据、全0、极大值或极小值 | G48: 0、空、极大值、极小值、异常值怎么展示？ | H48: 空态、0值、极值压缩、异常值提示、是否截断或缩放明确。 | I48: 图表被异常值压扁；无数据时显示空白。 | J48: 是什么 / 图表规则 | K48: 图表展示规则表 | L48: P2 | M48: L3-L4 | N48: 是 | R48: =IF(N48="否","不适用",IF(N48<>"是","待判断",IF(AND(O48="是",P48="是"),"通过",IF(O48="部分","待补充",IF(AND(O48="否",L48="P0"),"P0阻塞",IF(AND(O48="否",L48="P47"),"P47风险",IF(O48="否","建议优化","待检查"))))))) -> 待检查 | S48: 补极值与空值展示规则。 | V48: 07_表格模板示例!A14｜规则表模板
A49: 48 | B49: 扩展检查 | C49: 报表图表与统计检查 | D49: 图表动效 | E49: 图表动效是否承载业务状态 | F49: 动效用于表达加载、刷新、状态变化时 | G49: 动效代表什么状态？是否影响用户判断？ | H49: 仅当动效承载业务状态时写清含义和触发条件；纯视觉动效不进入PRD强门禁。 | I49: 把纯装饰动效写成PRD强要求。 | J49: 怎么玩 / 图表交互 | K49: 图表动效说明 | L49: P3 | M49: L3-L4 | N49: 是 | R49: =IF(N49="否","不适用",IF(N49<>"是","待判断",IF(AND(O49="是",P49="是"),"通过",IF(O49="部分","待补充",IF(AND(O49="否",L49="P0"),"P0阻塞",IF(AND(O49="否",L49="P48"),"P48风险",IF(O49="否","建议优化","待检查"))))))) -> 待检查 | S49: 如动效承载状态则补说明，否则降级为设计细节。
A50: 49 | B50: 扩展检查 | C50: 初始化历史与测试检查 | D50: 初始化数据 | E50: 初始化配置/字典/模板 | F50: 新功能依赖默认配置、字典、模板、分组或规则 | G50: 是否需要初始化数据？初始化内容是什么？谁维护？ | H50: 初始化内容、创建时机、默认启用状态、维护角色、变更规则明确。 | I50: 上线后没有默认数据，功能不可用。 | J50: 怎么玩 / 初始化规则 | K50: 初始化规则表 | L50: P1 | M50: L2-L4 | N50: 是 | R50: =IF(N50="否","不适用",IF(N50<>"是","待判断",IF(AND(O50="是",P50="是"),"通过",IF(O50="部分","待补充",IF(AND(O50="否",L50="P0"),"P0阻塞",IF(AND(O50="否",L50="P49"),"P49风险",IF(O50="否","建议优化","待检查"))))))) -> 待检查 | S50: 补初始化数据规则。 | V50: 07_表格模板示例!A14｜规则表模板
A51: 50 | B51: 扩展检查 | C51: 初始化历史与测试检查 | D51: 历史数据 | E51: 历史数据处理 | F51: 新功能影响老数据或老状态 | G51: 老数据是否迁移、补字段、状态映射、兼容旧逻辑？ | H51: 迁移范围、状态映射、字段补齐、失败处理、回滚方案明确。 | I51: 老数据进入新流程后状态异常。 | J51: 怎么玩 / 历史数据处理 | K51: 历史数据处理方案 | L51: P1 | M51: L3-L4 | N51: 是 | R51: =IF(N51="否","不适用",IF(N51<>"是","待判断",IF(AND(O51="是",P51="是"),"通过",IF(O51="部分","待补充",IF(AND(O51="否",L51="P0"),"P0阻塞",IF(AND(O51="否",L51="P50"),"P50风险",IF(O51="否","建议优化","待检查"))))))) -> 待检查 | S51: 补历史数据处理方案。
A52: 51 | B52: 扩展检查 | C52: 初始化历史与测试检查 | D52: 存量配置 | E52: 存量配置影响 | F52: 修改已有规则、模板、配置、权限、字典 | G52: 新规则是否影响存量配置？是否需要转换？ | H52: 存量配置是否生效、是否需要升级、是否兼容旧规则、用户是否感知明确。 | I52: 新老规则混跑但未说明。 | J52: 怎么玩 / 兼容规则 | K52: 存量影响表 | L52: P1 | M52: L3-L4 | N52: 是 | R52: =IF(N52="否","不适用",IF(N52<>"是","待判断",IF(AND(O52="是",P52="是"),"通过",IF(O52="部分","待补充",IF(AND(O52="否",L52="P0"),"P0阻塞",IF(AND(O52="否",L52="P51"),"P51风险",IF(O52="否","建议优化","待检查"))))))) -> 待检查 | S52: 补存量配置影响说明。
A53: 52 | B53: 扩展检查 | C53: 初始化历史与测试检查 | D53: 上下游兼容 | E53: 上下游模块影响 | F53: 涉及其他模块读取、写入、同步、统计或触发 | G53: 本功能变更是否影响上下游？失败后怎么兜底？ | H53: 上游来源、下游消费、同步时机、失败处理、影响范围明确。 | I53: 本功能改了，下游报表或消息规则错了。 | J53: 是什么 / 上下游影响 | K53: 影响范围表 | L53: P1 | M53: L3-L4 | N53: 是 | R53: =IF(N53="否","不适用",IF(N53<>"是","待判断",IF(AND(O53="是",P53="是"),"通过",IF(O53="部分","待补充",IF(AND(O53="否",L53="P0"),"P0阻塞",IF(AND(O53="否",L53="P52"),"P52风险",IF(O53="否","建议优化","待检查"))))))) -> 待检查 | S53: 补上下游影响分析。
A54: 53 | B54: 扩展检查 | C54: 信息准确检查 | D54: 术语一致 | E54: 术语与对象命名统一 | F54: 所有需求 | G54: 同一对象是否全篇使用同一名称？ | H54: 核心对象、状态、角色、字段、按钮名称统一；必要时提供术语表。 | I54: 模板、方案、配置、规则混用，读者不确定是否同一对象。 | J54: 附录 / 术语表 | K54: 术语表 | L54: P2 | M54: L1-L4 | N54: 是 | R54: =IF(N54="否","不适用",IF(N54<>"是","待判断",IF(AND(O54="是",P54="是"),"通过",IF(O54="部分","待补充",IF(AND(O54="否",L54="P0"),"P0阻塞",IF(AND(O54="否",L54="P53"),"P53风险",IF(O54="否","建议优化","待检查"))))))) -> 待检查 | S54: 补术语表或统一全篇命名。
A55: 54 | B55: 扩展检查 | C55: 信息准确检查 | D55: 能力边界 | E55: 系统能力/AI能力边界 | F55: 涉及现有系统能力、外部能力、AI能力或未来规划 | G55: 本期已支持、暂不支持、未来规划是否区分？ | H55: 能力边界清楚；不把未来规划写成本期能力；AI低置信度和人工兜底明确。 | I55: 把未来可做写成当前已支持。 | J55: 为什么做 / 能力边界 | K55: 能力边界表 | L55: P1 | M55: L3-L4 | N55: 是 | R55: =IF(N55="否","不适用",IF(N55<>"是","待判断",IF(AND(O55="是",P55="是"),"通过",IF(O55="部分","待补充",IF(AND(O55="否",L55="P0"),"P0阻塞",IF(AND(O55="否",L55="P54"),"P54风险",IF(O55="否","建议优化","待检查"))))))) -> 待检查 | S55: 补能力边界说明。
A56: 55 | B56: 扩展检查 | C56: 信息准确检查 | D56: 不越界 | E56: 不写技术实现和设计参数 | F56: 所有PRD | G56: 是否避免写数据库表、接口字段、代码逻辑、色号、像素、字号？ | H56: 只定义产品行为、业务规则、数据口径、验收标准；技术和视觉细节留给对应文档。 | I56: PRD直接规定数据库结构、接口字段或视觉像素，且影响研发/设计判断空间。 | J56: 全篇检查 | K56: 越界检查表 | L56: P1 | M56: L1-L4 | N56: 是 | R56: =IF(N56="否","不适用",IF(N56<>"是","待判断",IF(AND(O56="是",P56="是"),"通过",IF(O56="部分","待补充",IF(AND(O56="否",L56="P0"),"P0阻塞",IF(AND(O56="否",L56="P55"),"P55风险",IF(O56="否","建议优化","待检查"))))))) -> 待检查 | S56: 将技术/视觉实现细节移至技术方案或设计说明。
A57: 56 | B57: 扩展检查 | C57: 异常验收与测试检查 | D57: 空态 | E57: 无数据处理 | F57: 列表、图表、详情、搜索结果可能无数据 | G57: 没有数据时展示什么？用户能做什么？ | H57: 空态文案、可操作入口、是否可创建/重试/清空筛选明确。 | I57: 无数据时页面空白或误以为加载失败。 | J57: 怎么玩 / 异常与空态 | K57: 空态规则表 | L57: P0 | M57: L2-L4 | N57: 是 | R57: =IF(N57="否","不适用",IF(N57<>"是","待判断",IF(AND(O57="是",P57="是"),"通过",IF(O57="部分","待补充",IF(AND(O57="否",L57="P0"),"P0阻塞",IF(AND(O57="否",L57="P56"),"P56风险",IF(O57="否","建议优化","待检查"))))))) -> 待检查 | S57: 补空态处理。 | V57: 07_表格模板示例!A14｜规则表模板
A58: 57 | B58: 扩展检查 | C58: 异常验收与测试检查 | D58: 失败态 | E58: 保存/提交/加载失败 | F58: 有请求、保存、提交、导入、同步、计算 | G58: 失败时是否保留数据？是否允许重试？提示什么？ | H58: 失败原因、提示文案、数据保留、重试、回滚、日志或人工处理明确。 | I58: 提交失败后输入丢失；失败原因无提示。 | J58: 怎么玩 / 异常与兜底 | K58: 失败态规则表 | L58: P0 | M58: L2-L4 | N58: 是 | R58: =IF(N58="否","不适用",IF(N58<>"是","待判断",IF(AND(O58="是",P58="是"),"通过",IF(O58="部分","待补充",IF(AND(O58="否",L58="P0"),"P0阻塞",IF(AND(O58="否",L58="P57"),"P57风险",IF(O58="否","建议优化","待检查"))))))) -> 待检查 | S58: 补失败态规则。 | V58: 07_表格模板示例!A14｜规则表模板
A59: 58 | B59: 扩展检查 | C59: 异常验收与测试检查 | D59: 重复态 | E59: 重复提交/重复配置/重复选择 | F59: 可能发生重复提交、重复选择、重复配置 | G59: 重复时拦截、覆盖、合并还是提示？ | H59: 重复判断标准、处理方式、提示文案、是否允许覆盖明确。 | I59: 同一数据被重复选中或重复生成。 | J59: 怎么玩 / 异常与兜底 | K59: 重复处理表 | L59: P1 | M59: L2-L4 | N59: 是 | R59: =IF(N59="否","不适用",IF(N59<>"是","待判断",IF(AND(O59="是",P59="是"),"通过",IF(O59="部分","待补充",IF(AND(O59="否",L59="P0"),"P0阻塞",IF(AND(O59="否",L59="P58"),"P58风险",IF(O59="否","建议优化","待检查"))))))) -> 待检查 | S59: 补重复处理规则。
A60: 59 | B60: 扩展检查 | C60: 异常验收与测试检查 | D60: 冲突态 | E60: 多人编辑/状态变化/数据已更新 | F60: 多人协作、审批流、状态流转、长时间编辑 | G60: 数据被别人修改或状态已变化后，当前用户继续操作怎么办？ | H60: 冲突检测、提示、刷新、覆盖、撤销或重新提交规则明确。 | I60: 用户提交时数据已被别人改过，但系统未处理。 | J60: 怎么玩 / 异常与兜底 | K60: 冲突处理表 | L60: P1 | M60: L3-L4 | N60: 是 | R60: =IF(N60="否","不适用",IF(N60<>"是","待判断",IF(AND(O60="是",P60="是"),"通过",IF(O60="部分","待补充",IF(AND(O60="否",L60="P0"),"P0阻塞",IF(AND(O60="否",L60="P59"),"P59风险",IF(O60="否","建议优化","待检查"))))))) -> 待检查 | S60: 补冲突处理规则。
A61: 60 | B61: 扩展检查 | C61: 异常验收与测试检查 | D61: 权限不足 | E61: 无权限访问或操作 | F61: 有角色权限、数据权限、页面入口控制 | G61: 无权限时入口是否展示？点击后如何提示？ | H61: 入口可见规则、按钮禁用/隐藏、越权访问提示、数据脱敏或隔离明确。 | I61: 低权限用户看到入口，点击后报错不清。 | J61: 怎么玩 / 权限异常 | K61: 权限异常表 | L61: P0 | M61: L2-L4 | N61: 是 | R61: =IF(N61="否","不适用",IF(N61<>"是","待判断",IF(AND(O61="是",P61="是"),"通过",IF(O61="部分","待补充",IF(AND(O61="否",L61="P0"),"P0阻塞",IF(AND(O61="否",L61="P60"),"P60风险",IF(O61="否","建议优化","待检查"))))))) -> 待检查 | S61: 补权限不足处理规则。
A62: 61 | B62: 优化建议 | C62: 组织表达优化 | D62: 章节顺序 | E62: 先结论后依据 | F62: 所有PRD | G62: 章节是否先给结论，再给依据和细节？ | H62: 每节先给判断，后列事实、规则、例子；读者能快速定位结论。 | I62: 背景铺太长，核心结论埋在段落深处。 | J62: 全篇结构 | K62: 金字塔结构 | L62: P2 | M62: L1-L4 | N62: 是 | R62: =IF(N62="否","不适用",IF(N62<>"是","待判断",IF(AND(O62="是",P62="是"),"通过",IF(O62="部分","待补充",IF(AND(O62="否",L62="P0"),"P0阻塞",IF(AND(O62="否",L62="P61"),"P61风险",IF(O62="否","建议优化","待检查"))))))) -> 待检查 | S62: 调整章节顺序，结论前置。
A63: 62 | B63: 优化建议 | C63: 组织表达优化 | D63: 表格优先 | E63: 规则、字段、权限尽量表格化 | F63: 字段、规则、权限、验收较多时 | G63: 能用表格说清的内容是否避免长段落？ | H63: 字段、权限、规则、验收用表格表达，减少重复描述。 | I63: 一个字段一段说明，内容重复且难对齐。 | J63: 全篇结构 | K63: 表格 | L63: P3 | M63: L1-L4 | N63: 是 | R63: =IF(N63="否","不适用",IF(N63<>"是","待判断",IF(AND(O63="是",P63="是"),"通过",IF(O63="部分","待补充",IF(AND(O63="否",L63="P0"),"P0阻塞",IF(AND(O63="否",L63="P62"),"P62风险",IF(O63="否","建议优化","待检查"))))))) -> 待检查 | S63: 将重复段落改成总表。
A64: 63 | B64: 优化建议 | C64: 组织表达优化 | D64: 图形优先 | E64: 流程、状态、关系图形化 | F64: 有流程、状态机、关联关系时 | G64: 流程、状态、上下游是否用图表达？ | H64: 主流程用流程图，状态用状态机图，关联关系用关系图。 | I64: 复杂流程全靠文字堆叠。 | J64: 全篇结构 | K64: 流程图 / 状态机图 / 关系图 | L64: P3 | M64: L2-L4 | N64: 是 | R64: =IF(N64="否","不适用",IF(N64<>"是","待判断",IF(AND(O64="是",P64="是"),"通过",IF(O64="部分","待补充",IF(AND(O64="否",L64="P0"),"P0阻塞",IF(AND(O64="否",L64="P63"),"P63风险",IF(O64="否","建议优化","待检查"))))))) -> 待检查 | S64: 补图形化表达。
A65: 64 | B65: 优化建议 | C65: 组织表达优化 | D65: 示例补充 | E65: 复杂规则正反例 | F65: 规则复杂、容易误解或有边界条件 | G65: 是否至少给出一个正例和一个反例？ | H65: 复杂规则有正例、反例或边界样例，帮助研发测试理解。 | I65: 规则写了，但测试不知道边界怎么验。 | J65: 规则章节 | K65: 示例表 | L65: P2 | M65: L2-L4 | N65: 是 | R65: =IF(N65="否","不适用",IF(N65<>"是","待判断",IF(AND(O65="是",P65="是"),"通过",IF(O65="部分","待补充",IF(AND(O65="否",L65="P0"),"P0阻塞",IF(AND(O65="否",L65="P64"),"P64风险",IF(O65="否","建议优化","待检查"))))))) -> 待检查 | S65: 补正例/反例。
A66: 65 | B66: 优化建议 | C66: 阻塞问题与评审结论 | D66: 风险接受 | E66: P1风险接受记录 | F66: 存在P1但PM决定暂不修正时 | G66: 是否记录风险接受原因、责任人和后续处理方式？ | H66: 风险接受项有原因、影响范围、责任人、接受时间和后续动作。 | I66: 口头说“先这样”，文档没有记录。 | J66: 评审结论 / 风险接受项 | K66: 风险接受表 | L66: P1 | M66: L2-L4 | N66: 是 | R66: =IF(N66="否","不适用",IF(N66<>"是","待判断",IF(AND(O66="是",P66="是"),"通过",IF(O66="部分","待补充",IF(AND(O66="否",L66="P0"),"P0阻塞",IF(AND(O66="否",L66="P65"),"P65风险",IF(O66="否","建议优化","待检查"))))))) -> 待检查 | S66: 补风险接受记录。 | V66: 07_表格模板示例!A154｜风险接受表模板
A67: 66 | B67: 优化建议 | C67: 组织表达优化 | D67: 版本留痕 | E67: 版本与变更记录 | F67: 多人协作、评审多轮、上线后回溯 | G67: 是否记录版本、变更点、变更原因和确认人？ | H67: 变更记录可追溯，重要判断变化有原因和确认人。 | I67: 三个月后不知道为什么这么定。 | J67: 文档首页 / 变更记录 | K67: 变更记录表 | L67: P2 | M67: L2-L4 | N67: 是 | R67: =IF(N67="否","不适用",IF(N67<>"是","待判断",IF(AND(O67="是",P67="是"),"通过",IF(O67="部分","待补充",IF(AND(O67="否",L67="P0"),"P0阻塞",IF(AND(O67="否",L67="P66"),"P66风险",IF(O67="否","建议优化","待检查"))))))) -> 待检查 | S67: 补版本和变更记录。

Sheet 02_字典配置
A1: 检查层级 | D1: 优先级 | G1: 是否适用 | J1: 是否已写 | M1: 是否已检查
A2: 必查门禁 | D2: P0 | G2: 是 | J2: 是 | M2: 是
A3: 扩展检查 | D3: P1 | G3: 否 | J3: 否 | M3: 否
A4: 优化建议 | D4: P2 | J4: 部分
D5: P3
A13: 实际问题等级 | D13: 门禁状态 | G13: 复杂度 | J13: 建议呈现方式 | M13: 修正动作类型
D14: 通过 | G14: L1 | J14: 范围表 | M14: 补规则
A15: P0 | D15: 待补充 | G15: L2 | J15: 非目标表 | M15: 补流程
A16: P1 | D16: P0阻塞 | G16: L3 | J16: 角色权限矩阵 | M16: 补状态机
A17: P2 | D17: P1风险 | G17: L4 | J17: 流程图 | M17: 补权限矩阵
A18: P3 | D18: 建议优化 | G18: L1-L4 | J18: 状态机图 | M18: 补数据口径
D19: 待检查 | G19: L2-L4 | J19: 规则表 | M19: 补异常兜底
D20: 不适用 | G20: L3-L4 | J20: 字段规则表 | M20: 补验收标准
D21: 待判断 | J21: 校验规则表 | M21: 进入待确认
J22: 数据口径表 | M22: 记录风险接受
J23: 异常规则表 | M23: 移至技术方案/设计说明
J24: 验收标准表
J25: 自测用例表
J26: 风险接受表

Sheet 03_阻塞标准
A1: 问题等级 | B1: 含义 | C1: 典型问题 | D1: 门禁行为 | E1: 处理规则
A2: P0 | B2: 致命问题 | C2: 真实问题不清、范围不清、核心流程不可执行、关键决策缺失、未确认事实写成事实、上下文冲突、明显越界 | D2: 必须阻塞最终输出和评审 | E2: 必须修正，不能仅标记风险接受；修正后重新审核相关章节
A3: P1 | B3: 高风险问题 | C3: 缺少非目标、异常处理、权限规则、状态变化、验收标准、上下游影响、数据来源或统计口径 | D3: 默认阻塞 | E3: 优先修正；如PM明确接受风险，必须记录原因、责任人和后续动作
A4: P2 | B4: 质量问题 | C4: 局部歧义、示例不足、验收偏粗、章节组织不顺、术语局部漂移 | D4: 不默认阻塞 | E4: 进入评审前建议修正；反复出现时进入模板或Skill迭代清单
A5: P3 | B5: 优化建议 | C5: 表达、格式、示例、顺序、可读性优化 | D5: 不阻塞 | E5: 不影响交付节奏时处理，不得因此扩大需求范围

Sheet 04_复杂度适配
A1: 复杂度 | B1: 需求类型 | C1: PRD最低要求 | D1: 重点检查 | E1: 典型适用场景
A2: L1 | B2: 文案、字段、配置、小规则调整 | C2: 可用变更说明，但必须写清变更点、影响范围、规则、验收方式 | D2: 范围、规则、验收、影响范围 | E2: 改字段名、增加小校验、调整提示文案
A3: L2 | B3: 单页面、单流程功能 | C3: 标准PRD，覆盖背景、范围、流程、规则、异常、验收 | D3: 主流程、字段规则、异常、验收 | E3: 新增一个配置页、一个列表页、一个审批动作
A4: L3 | B4: 多角色、多状态、多异常功能 | C4: 完整PRD，覆盖角色权限、状态流转、异常、上下游、数据边界 | D4: 权限、状态机、异常、数据、上下游、自测 | E4: 审批流、模板配置、消息中心、任务流转
A5: L4 | B5: 跨系统、跨模块、数据/权限/AI能力类需求 | C5: 完整PRD + 风险评审 + AI实现就绪检查 | D5: 能力边界、数据口径、系统依赖、低置信度/失败兜底、风险接受 | E5: 智能分析、跨系统同步、看板指标、复杂权限体系

Sheet 05_来源与原则
A1: 模块 | B1: 内容
A2: 根定义 | B2: 一份好的 PRD，不是把功能列全，而是把产品判断固定成团队可执行、可验证、可追责的共同答案。
A3: 唯一质量标准 | B3: 读的人不需要再回来找 PM 确认。
A4: 四个核心指标 | B4: 边界清晰、判断显性、不留猜疑、信息准确。
A5: PRD应写 | B5: 背景与问题、本期目标、范围与非目标、用户与角色、业务流程、功能规则、异常处理、权限规则、数据说明、验收标准、研发自测用例、待确认事项。
A6: PRD不应写 | B6: 数据库表结构、接口字段细节、代码逻辑、色号、像素、字号、未确认事实、未来想法混入本期。
A7: 使用原则 | B7: 复杂度可以影响文档篇幅，不能降低核心判断质量；小需求可以轻，但不能虚。
A8: 门禁原则 | B8: P0必须阻塞；P1默认阻塞，除非PM明确接受风险并记录原因；P2建议修正；P3仅作为优化建议。
A9: AI实现就绪 | B9: 无隐含默认值、无未标记假设、输入/处理/输出清楚、异常兜底清楚、验收用例明确。
A10: 来源说明 | B10: 根据用户上传的 PRD Quality Standard 与 PRD 定义与质量标准整理，并结合原始需求自查清单重构为 V3.2 质量门禁版。

Sheet 06_使用说明
A1: 步骤 | B1: 操作说明 | C1: 注意事项
A2: 1 | B2: 确认需求复杂度 | C2: 先判断需求属于 L1/L2/L3/L4，避免小需求被重型清单拖慢，也避免复杂需求写轻。
A3: 2 | B3: 筛选“是否适用” | C3: 在 01 表中将不适用项改为“否”；多角色、状态流转、数据统计类需求要重点保留 P0/P1 项。
A4: 3 | B4: 填写“是否已写” | C4: PRD 完整覆盖填“是”，完全没写填“否”，写了但不够可执行填“部分”。
A5: 4 | B5: 填写“是否已检查” | C5: 只有已核对 PRD 证据位置并确认达标，才填“是”。
A6: 5 | B6: 补充 PRD 证据位置 | C6: 填写章节号、表名、图名或段落位置，让评审人能快速定位证据。
A7: 6 | B7: 处理门禁状态 | C7: P0阻塞必须修正；P1风险默认修正，若接受风险，需要在风险接受表记录。
A8: 7 | B8: 查看评审看板 | C8: 回到 00_评审看板，确认 P0 清零、P1 已处理，再进入评审。
A9: 8 | B9: 复盘沉淀 | C9: 反复出现的 P2/P3 问题，应回写到 PRD 模板、Skill 规则或示例库中。
A11: V3.3 新增 | B11: 07_表格模板示例 | C11: 提供规则表、字段规则表、校验规则表、数据口径表、异常规则表、验收标准表、自测用例表、风险接受表的空白模板、示例数据和不合格写法。

Sheet 07_表格模板示例
A1: PRD 表格模板示例库｜V3.3
A2: 用途：当 01_需求自查清单 中出现“建议呈现方式”时，可在本页找到可复制的模板结构、示例数据与不合格写法。
A4: 模板名称 | B4: 适用场景 | C4: 解决的问题 | D4: 对应检查域 | E4: 常见 PRD 章节 | F4: 模板位置
A5: 规则表 | B5: 业务规则、操作规则、默认规则、状态规则 | C5: 把判断写死 | D5: 判断显性 | E5: 是什么 / 功能规则 | F5: A14｜规则表模板
A6: 字段规则表 | B6: 表单字段、列表字段、详情字段、配置字段 | C6: 把字段定义写清 | D6: 页面、表单与数据展示 | E6: 是什么 / 字段说明 | F6: A34｜字段规则表模板
A7: 校验规则表 | B7: 保存、提交、审批、发布前校验 | C7: 把拦截条件写清 | D7: 判断显性 / 不留猜疑 | E7: 怎么玩 / 校验规则 | F7: A54｜校验规则表模板
A8: 数据口径表 | B8: 看板、报表、统计指标、列表数据来源 | C8: 把数据来源和计算方式写清 | D8: 信息准确 | E8: 是什么 / 数据口径 | F8: A74｜数据口径表模板
A9: 异常规则表 | B9: 空态、失败、重复、冲突、权限不足 | C9: 把出岔子时怎么办写清 | D9: 异常、验收与测试 | E9: 怎么玩 / 异常兜底 | F9: A94｜异常规则表模板
A10: 验收标准表 | B10: 需求评审、测试验收、业务验收 | C10: 把完成标准写清 | D10: 不留猜疑 | E10: 验收标准 | F10: A116｜验收标准表模板
A11: 自测用例表 | B11: 研发交付前冒烟测试、PM 自查 | C11: 把最小可跑路径写清 | D11: 异常、验收与测试 | E11: 研发自测 | F11: A135｜自测用例表模板
A12: 风险接受表 | B12: P1 风险暂不修、待确认项暂挂起 | C12: 把风险接受留痕 | D12: 阻塞问题与评审结论 | E12: 风险接受 / 待确认事项 | F12: A154｜风险接受表模板
A14: B. 规则表模板
A15: 适用场景 | B15: 用于描述业务规则、操作规则、默认规则、状态规则。
A16: 使用说明 | B16: 必须回答：什么条件下，谁对什么对象做什么，系统如何处理，处理后结果是什么。
A17: 空白模板（可复制到 PRD）
A18: 规则编号 | B18: 规则对象 | C18: 适用场景 | D18: 触发条件 | E18: 规则说明 | F18: 系统处理 | G18: 处理后结果 | H18: 异常处理 | I18: 适用角色 | J18: 优先级 | K18: 备注
A20: 示例数据
A21: 规则编号 | B21: 规则对象 | C21: 适用场景 | D21: 触发条件 | E21: 规则说明 | F21: 系统处理 | G21: 处理后结果 | H21: 异常处理 | I21: 适用角色 | J21: 优先级 | K21: 备注
A22: R001 | B22: 审批提交 | C22: 作业票审批 | D22: 申请人点击提交审批 | E22: 仅当必填字段完整且当前状态为草稿时允许提交 | F22: 校验字段完整性并生成审批任务 | G22: 作业票状态变为待审批 | H22: 校验失败时阻断提交并提示原因 | I22: 申请人 | J22: P0 | K22: 需同步状态机
A23: R002 | B23: 删除操作 | C23: 模板管理 | D23: 管理员点击删除 | E23: 已被引用的数据不允许删除 | F23: 判断引用关系 | G23: 未引用则删除，已引用则阻断 | H23: 提示“该数据已被引用，无法删除” | I23: 管理员 | J23: P1 | K23: 建议逻辑删除
A24: 不合格写法
A25: 问题写法 | B25: 为什么不合格
A26: 支持审批 | B26: 没写触发条件、处理规则、处理结果
A27: 管理员可以删除 | B27: 没写哪些状态可删、被引用后能否删除
A28: 默认展示最新数据 | B28: 没写“最新”的排序字段和时间口径
A34: C. 字段规则表模板
A35: 适用场景 | B35: 用于描述表单字段、列表字段、详情字段、配置字段。
A36: 使用说明 | B36: 解决：字段是什么，谁填写，怎么填写，从哪里来，能不能改。
A37: 空白模板（可复制到 PRD）
A38: 字段名称 | B38: 字段含义 | C38: 字段类型 | D38: 输入/展示 | E38: 是否必填 | F38: 长度/格式 | G38: 默认值 | H38: 选项来源 | I38: 字段状态 | J38: 空值展示 | K38: 备注
A40: 示例数据
A41: 字段名称 | B41: 字段含义 | C41: 字段类型 | D41: 输入/展示 | E41: 是否必填 | F41: 长度/格式 | G41: 默认值 | H41: 选项来源 | I41: 字段状态 | J41: 空值展示 | K41: 备注
A42: 模板名称 | B42: 消息模板名称 | C42: 文本 | D42: 输入 | E42: 是 | F42: 1 到 32 字符 | G42: 无 | H42: 用户手动输入 | I42: 可编辑 | J42: 不适用 | K42: 同一业务模块下不可重复
A43: 启用状态 | B43: 模板是否启用 | C43: 开关 | D43: 输入 | E43: 是 | F43: 启用 / 停用 | G43: 启用 | H43: 系统固定枚举 | I43: 可编辑 | J43: 不适用 | K43: 停用后不触发消息
A44: 最近更新时间 | B44: 最近一次保存时间 | C44: 时间 | D44: 展示 | E44: 否 | F44: 年-月-日 时:分 | G44: 系统生成 | H44: 系统记录 | I44: 只读 | J44: -- | K44: 保存成功后自动更新
A45: 不合格写法
A46: 问题写法 | B46: 为什么不合格
A47: 填写名称 | B47: 没写长度、是否必填、是否重复、是否可编辑
A48: 展示更新时间 | B48: 没写时间格式、更新时间触发条件、空值展示
A54: D. 校验规则表模板
A55: 适用场景 | B55: 用于描述必填校验、格式校验、重复校验、提交前校验、审批前校验。
A56: 使用说明 | B56: 必须回答：什么时候校验，按什么条件校验，失败时是否阻断，提示什么。
A57: 空白模板（可复制到 PRD）
A58: 校验编号 | B58: 校验对象 | C58: 校验时机 | D58: 校验条件 | E58: 通过标准 | F58: 失败提示 | G58: 是否阻断 | H58: 校验层级 | I58: 备注
A60: 示例数据
A61: 校验编号 | B61: 校验对象 | C61: 校验时机 | D61: 校验条件 | E61: 通过标准 | F61: 失败提示 | G61: 是否阻断 | H61: 校验层级 | I61: 备注
A62: V001 | B62: 模板名称 | C62: 点击保存时 | D62: 模板名称为空 | E62: 模板名称已填写 | F62: 请输入模板名称 | G62: 是 | H62: 前端 + 后端 | I62: 保存时必须二次校验
A63: V002 | B63: 模板名称 | C63: 点击保存时 | D63: 同业务模块下名称重复 | E63: 当前名称未重复 | F63: 模板名称已存在，请修改后保存 | G63: 是 | H63: 后端 | I63: 按所属模块 + 模板名称查重
A64: V003 | B64: 消息正文 | C64: 点击保存时 | D64: 正文超过 500 字 | E64: 正文不超过 500 字 | F64: 消息正文不能超过 500 字 | G64: 是 | H64: 前端 | I64: 字数含中文、英文、标点
A65: 不合格写法
A66: 问题写法 | B66: 为什么不合格
A67: 名称不能为空 | B67: 没写校验时机、失败提示、是否阻断
A68: 名称不可重复 | B68: 没写查重范围和组合条件
A74: E. 数据口径表模板
A75: 适用场景 | B75: 用于描述列表数据来源、报表数据来源、看板指标、统计口径。
A76: 使用说明 | B76: 必须回答：数据从哪里来，怎么算，按什么范围算，多久更新，谁能看。
A77: 关键提醒 | B77: 数据类需求必须写数据为空、数据延迟、数据口径不一致的处理方式。
A78: 空白模板（可复制到 PRD）
A79: 指标/数据项 | B79: 业务定义 | C79: 数据来源 | D79: 计算口径 | E79: 统计范围 | F79: 更新时间 | G79: 单位/精度 | H79: 权限过滤 | I79: 空值/异常值处理 | J79: 备注
A81: 示例数据
A82: 指标/数据项 | B82: 业务定义 | C82: 数据来源 | D82: 计算口径 | E82: 统计范围 | F82: 更新时间 | G82: 单位/精度 | H82: 权限过滤 | I82: 空值/异常值处理 | J82: 备注
A83: 未读消息数 | B83: 当前用户未读站内信数量 | C83: 站内信消息数据 | D83: 接收人=当前用户 且 状态=未读 | E83: 当前登录用户 | F83: 实时 | G83: 条，整数 | H83: 按用户过滤 | I83: 无数据展示 0 | J83: 不包含已删除消息
A84: 审批待办数 | B84: 当前用户待处理审批数量 | C84: 审批任务数据 | D84: 当前节点审批人=当前用户 且 状态=待审批 | E84: 当前登录用户 | F84: 实时 | G84: 条，整数 | H84: 按审批权限过滤 | I84: 无数据展示 0 | J84: 已超时待办仍计入
A85: 异常关闭率 | B85: 已关闭异常数占异常总数比例 | C85: 巡检异常记录 | D85: 已关闭异常数 / 异常总数 × 100% | E85: 默认近 30 天 | F85: T+1 | G85: 百分比，保留 1 位小数 | H85: 按部门权限过滤 | I85: 分母为 0 时展示 -- | J85: 需说明异常总数是否含已作废
A94: F. 异常规则表模板
A95: 适用场景 | B95: 用于描述空态、失败态、重复态、冲突态、权限不足、上下游异常、状态不可逆。
A96: 使用说明 | B96: 必须回答：出岔子时，系统怎么处理，用户看到什么，数据怎么变化，能不能恢复。
A97: 空白模板（可复制到 PRD）
A98: 异常类型 | B98: 触发场景 | C98: 系统处理 | D98: 用户提示 | E98: 数据状态 | F98: 是否可重试/恢复 | G98: 责任人 | H98: 验收点 | I98: 备注
A100: 示例数据
A101: 异常类型 | B101: 触发场景 | C101: 系统处理 | D101: 用户提示 | E101: 数据状态 | F101: 是否可重试/恢复 | G101: 责任人 | H101: 验收点 | I101: 备注
A102: 空态 | B102: 列表无数据 | C102: 展示空态，不展示表格数据 | D102: 暂无数据 | E102: 无变化 | F102: 不涉及 | G102: 无 | H102: 无数据时页面不报错 | I102: 可提供新增入口
A103: 保存失败 | B103: 用户点击保存后接口返回失败 | C103: 保留用户已输入内容 | D103: 保存失败，请稍后重试 | E103: 不写入新数据 | F103: 可重试 | G103: 用户 | H103: 保存失败后输入内容不丢失 | I103: 不关闭弹窗
A104: 重复提交 | B104: 用户连续点击提交 | C104: 第二次点击被禁用或拦截 | D104: 正在提交，请勿重复操作 | E104: 只生成一条记录 | F104: 不涉及 | G104: 系统 | H104: 不产生重复数据 | I104: 可通过 loading 防重复
A105: 权限不足 | B105: 无权限用户访问编辑入口 | C105: 不展示入口，或点击后提示无权限 | D105: 暂无操作权限 | E105: 无变化 | F105: 不可重试 | G105: 管理员配置权限 | H105: 无权限用户不能绕过入口操作 | I105: B 端高频必写
A106: 不合格写法
A107: 问题写法 | B107: 为什么不合格
A108: 异常时提示错误 | B108: 没写什么异常、什么提示、数据是否保留
A109: 无权限不可操作 | B109: 没写入口是否展示，绕过入口访问怎么办
A110: 保存失败可重试 | B110: 没写失败后数据是否保留
A116: G. 验收标准表模板
A117: 适用场景 | B117: 用于描述需求完成判断、测试验收、业务验收、上线验收。
A118: 使用说明 | B118: 验收标准必须可观察、可测试、可判断，不能写“功能正常即可”。
A119: 空白模板（可复制到 PRD）
A120: 验收编号 | B120: 验收对象 | C120: 前置条件 | D120: 操作/场景 | E120: 期望结果 | F120: 验收方式 | G120: 优先级 | H120: 通过标准 | I120: 备注
A122: 示例数据
A123: 验收编号 | B123: 验收对象 | C123: 前置条件 | D123: 操作/场景 | E123: 期望结果 | F123: 验收方式 | G123: 优先级 | H123: 通过标准 | I123: 备注
A124: A001 | B124: 新增模板 | C124: 用户具备模板管理权限 | D124: 填写必填字段后点击保存 | E124: 模板保存成功，列表新增一条记录 | F124: 功能测试 | G124: P0 | H124: 保存成功，字段完整，状态正确 | I124: 同步校验更新时间
A125: A002 | B125: 重复校验 | C125: 已存在同名模板 | D125: 再次新增同名模板并保存 | E125: 系统阻断保存并提示重复 | F125: 功能测试 | G125: P0 | H125: 不产生重复数据 | I125: 按同业务模块查重
A126: A003 | B126: 权限控制 | C126: 普通用户无编辑权限 | D126: 普通用户进入模板列表 | E126: 不展示编辑按钮 | F126: 权限测试 | G126: P0 | H126: 无权限用户不可编辑 | I126: 需覆盖接口权限
A127: A004 | B127: 空态展示 | C127: 当前无模板数据 | D127: 进入模板列表页 | E127: 展示空态提示 | F127: 功能测试 | G127: P1 | H127: 页面无报错，空态文案正确
A135: H. 自测用例表模板
A136: 适用场景 | B136: 用于研发交付前自测、PM 冒烟检查、AI 实现结果自查。
A137: 使用说明 | B137: 用于定义最小可跑路径：主流程能否跑通、关键异常能否拦住、权限边界是否穿透、数据结果是否符合口径。
A138: 关键提醒 | B138: 验收标准表定义“做到什么算完成”；自测用例表定义“交付前怎么跑一遍确认没偏”。
A139: 空白模板（可复制到 PRD）
A140: 用例编号 | B140: 用例类型 | C140: 前置条件 | D140: 操作步骤 | E140: 测试数据 | F140: 预期结果 | G140: 覆盖规则/异常 | H140: 是否通过 | I140: 备注
A142: 示例数据
A143: 用例编号 | B143: 用例类型 | C143: 前置条件 | D143: 操作步骤 | E143: 测试数据 | F143: 预期结果 | G143: 覆盖规则/异常 | H143: 是否通过 | I143: 备注
A144: TC001 | B144: 主流程 | C144: 用户有新增权限 | D144: 进入列表 > 点击新增 > 填写字段 > 保存 | E144: 模板名称：审批提醒模板 | F144: 保存成功，列表展示新增数据 | G144: R001 / A001 | H144: 待填写 | I144: 冒烟必跑
...
